Nit_data,X,Y
0.5,407391,361254
0.5,407391,361154
0.5,407391,361054
0.5,407391,360954
0.5,407391,360854
0.5,407391,360754
0.5,407391,360654
0.5,407391,360554
0.5,407391,360454
0.5,407391,360354
0.5,407391,360254
0.5,407391,360154
0.5,407391,360054
0.5,407391,359954
0.5,407391,359854
0.5,407391,359754
0.5,407391,359654
0.5,407391,359554
0.5,407391,359454
0.5,407391,359354
0.5,407391,359254
0.5,407391,359154
0.5,407391,359054
0.5,407391,358954
0.5,407391,358854
0.5,407391,358754
0.5,407391,358654
0.5,407391,358554
0.5,407391,358454
0.5,407391,358354
0.5,407391,358254
0.5,407391,358154
0.5,407391,358054
0.5,407391,357954
0.5,407391,357854
0.5,407391,357754
0.5,407391,357654
0.5,407391,357554
0.5,407391,357454
0.5,407391,357354
0.5,407391,357254
0.5,407391,357154
0.5,407391,357054
0.5,407391,356954
0.5,407391,356854
0.5,407391,356754
0.5,407391,356654
0.5,407391,356554
0.5,407391,356454
0.5,407391,356354
0.5,407391,356254
0.5,407391,356154
0.5,407491,361254
0.5,407491,361154
0.5,407491,361054
0.5,407491,360954
0.5,407491,360854
0.5,407491,360754
0.5,407491,360654
0.5,407491,360554
0.5,407491,360454
0.5,407491,360354
0.4,407491,360254
0.3,407491,360154
0.3,407491,360054
0.3,407491,359954
0.3,407491,359854
0.3,407491,359754
0.27,407491,359654
0.27,407491,359554
0.27,407491,359454
0.27,407491,359354
0.27,407491,359254
0.27,407491,359154
0.27,407491,359054
0.27,407491,358954
0.27,407491,358854
0.27,407491,358754
0.27,407491,358654
0.27,407491,358554
0.27,407491,358454
0.27,407491,358354
0.27,407491,358254
0.27,407491,358154
0.27,407491,358054
0.27,407491,357954
0.27,407491,357854
0.27,407491,357754
0.27,407491,357654
0.27,407491,357554
0.27,407491,357454
0.27,407491,357354
0.27,407491,357254
0.27,407491,357154
0.27,407491,357054
0.27,407491,356954
0.27,407491,356854
0.27,407491,356754
0.27,407491,356654
0.5,407491,356554
0.5,407491,356454
0.5,407491,356354
0.5,407491,356254
0.5,407491,356154
0.5,407591,361254
0.5,407591,361154
0.5,407591,361054
0.5,407591,360954
0.5,407591,360854
0.5,407591,360754
0.4,407591,360654
0.4,407591,360554
0.4,407591,360454
0.4,407591,360354
0.4,407591,360254
0.3,407591,360154
0.3,407591,360054
0.3,407591,359954
0.3,407591,359854
0.3,407591,359754
0.27,407591,359654
0.27,407591,359554
0.27,407591,359454
0.27,407591,359354
0.27,407591,359254
0.27,407591,359154
0.27,407591,359054
0.27,407591,358954
0.27,407591,358854
0.27,407591,358754
0.27,407591,358654
0.27,407591,358554
0.27,407591,358454
0.27,407591,358354
0.27,407591,358254
0.27,407591,358154
0.27,407591,358054
0.27,407591,357954
0.27,407591,357854
0.27,407591,357754
0.27,407591,357654
0.27,407591,357554
0.27,407591,357454
0.27,407591,357354
0.27,407591,357254
0.27,407591,357154
0.4,407591,357054
0.4,407591,356954
0.4,407591,356854
0.4,407591,356754
0.27,407591,356654
0.5,407591,356554
0.5,407591,356454
0.5,407591,356354
0.5,407591,356254
0.5,407591,356154
0.5,407691,361254
0.5,407691,361154
0.5,407691,361054
0.5,407691,360954
0.5,407691,360854
0.5,407691,360754
0.4,407691,360654
0.4,407691,360554
0.4,407691,360454
0.4,407691,360354
0.4,407691,360254
0.3,407691,360154
0.3,407691,360054
0.3,407691,359954
0.3,407691,359854
0.3,407691,359754
0.2,407691,359654
0.2,407691,359554
0.2,407691,359454
0.2,407691,359354
0.2,407691,359254
0.2,407691,359154
0.2,407691,359054
0.2,407691,358954
0.37,407691,358854
0.37,407691,358754
0.37,407691,358654
0.37,407691,358554
0.37,407691,358454
0.37,407691,358354
0.37,407691,358254
0.37,407691,358154
0.37,407691,358054
0.37,407691,357954
0.37,407691,357854
0.37,407691,357754
0.37,407691,357654
0.37,407691,357554
0.37,407691,357454
0.2,407691,357354
0.42,407691,357254
0.42,407691,357154
0.4,407691,357054
0.4,407691,356954
0.4,407691,356854
0.4,407691,356754
0.2,407691,356654
0.5,407691,356554
0.5,407691,356454
0.5,407691,356354
0.5,407691,356254
0.5,407691,356154
0.5,407791,361254
0.5,407791,361154
0.5,407791,361054
0.5,407791,360954
0.5,407791,360854
0.5,407791,360754
0.4,407791,360654
0.4,407791,360554
0.4,407791,360454
0.4,407791,360354
0.4,407791,360254
0.3,407791,360154
0.3,407791,360054
0.3,407791,359954
0.3,407791,359854
0.3,407791,359754
0.2,407791,359654
0.27,407791,359554
0.27,407791,359454
0.27,407791,359354
0.27,407791,359254
0.27,407791,359154
0.27,407791,359054
0.27,407791,358954
0.37,407791,358854
0.37,407791,358754
0.37,407791,358654
0.37,407791,358554
0.37,407791,358454
0.37,407791,358354
0.37,407791,358254
0.37,407791,358154
0.37,407791,358054
0.37,407791,357954
0.37,407791,357854
0.37,407791,357754
0.37,407791,357654
0.37,407791,357554
0.37,407791,357454
0.2,407791,357354
0.42,407791,357254
0.42,407791,357154
0.4,407791,357054
0.4,407791,356954
0.4,407791,356854
0.4,407791,356754
0.2,407791,356654
0.5,407791,356554
0.5,407791,356454
0.5,407791,356354
0.5,407791,356254
0.5,407791,356154
0.5,407891,361254
0.5,407891,361154
0.5,407891,361054
0.5,407891,360954
0.5,407891,360854
0.5,407891,360754
0.4,407891,360654
0.4,407891,360554
0.4,407891,360454
0.4,407891,360354
0.4,407891,360254
0.3,407891,360154
0.3,407891,360054
0.3,407891,359954
0.3,407891,359854
0.3,407891,359754
0.2,407891,359654
0.27,407891,359554
0.27,407891,359454
0.27,407891,359354
0.27,407891,359254
0.27,407891,359154
0.27,407891,359054
0.27,407891,358954
0.37,407891,358854
0.37,407891,358754
0.37,407891,358654
0.37,407891,358554
0.37,407891,358454
0.37,407891,358354
0.37,407891,358254
0.37,407891,358154
0.37,407891,358054
0.37,407891,357954
0.37,407891,357854
0.37,407891,357754
0.37,407891,357654
0.37,407891,357554
0.37,407891,357454
0.2,407891,357354
0.42,407891,357254
0.42,407891,357154
0.4,407891,357054
0.4,407891,356954
0.4,407891,356854
0.4,407891,356754
0.2,407891,356654
0.5,407891,356554
0.5,407891,356454
0.5,407891,356354
0.5,407891,356254
0.5,407891,356154
0.5,407991,361254
0.5,407991,361154
0.5,407991,361054
0.5,407991,360954
0.5,407991,360854
0.5,407991,360754
0.4,407991,360654
0.4,407991,360554
0.4,407991,360454
0.4,407991,360354
0.4,407991,360254
0.3,407991,360154
0.3,407991,360054
0.3,407991,359954
0.3,407991,359854
0.3,407991,359754
0.2,407991,359654
0.27,407991,359554
0.27,407991,359454
0.27,407991,359354
0.27,407991,359254
0.27,407991,359154
0.27,407991,359054
0.27,407991,358954
0.2,407991,358854
0.2,407991,358754
0.2,407991,358654
0.2,407991,358554
0.2,407991,358454
0.2,407991,358354
0.2,407991,358254
0.2,407991,358154
0.2,407991,358054
0.2,407991,357954
0.2,407991,357854
0.2,407991,357754
0.2,407991,357654
0.2,407991,357554
0.2,407991,357454
0.2,407991,357354
0.2,407991,357254
0.2,407991,357154
0.4,407991,357054
0.4,407991,356954
0.4,407991,356854
0.4,407991,356754
0.2,407991,356654
0.5,407991,356554
0.5,407991,356454
0.5,407991,356354
0.5,407991,356254
0.5,407991,356154
0.5,408091,361254
0.5,408091,361154
0.5,408091,361054
0.5,408091,360954
0.5,408091,360854
0.5,408091,360754
0.4,408091,360654
0.4,408091,360554
0.4,408091,360454
0.4,408091,360354
0.4,408091,360254
0.3,408091,360154
0.3,408091,360054
0.3,408091,359954
0.3,408091,359854
0.3,408091,359754
0.2,408091,359654
0.2,408091,359554
0.2,408091,359454
0.2,408091,359354
0.2,408091,359254
0.2,408091,359154
0.2,408091,359054
0.2,408091,358954
0.2,408091,358854
0.2,408091,358754
0.2,408091,358654
0.2,408091,358554
0.2,408091,358454
0.2,408091,358354
0.2,408091,358254
0.2,408091,358154
0.2,408091,358054
0.2,408091,357954
0.2,408091,357854
0.2,408091,357754
0.2,408091,357654
0.2,408091,357554
0.2,408091,357454
0.1,408091,357354
0.1,408091,357254
0.1,408091,357154
0.4,408091,357054
0.4,408091,356954
0.4,408091,356854
0.4,408091,356754
0.2,408091,356654
0.5,408091,356554
0.5,408091,356454
0.5,408091,356354
0.5,408091,356254
0.5,408091,356154
0.5,408191,361254
0.5,408191,361154
0.5,408191,361054
0.5,408191,360954
0.5,408191,360854
0.5,408191,360754
0.4,408191,360654
0.4,408191,360554
0.4,408191,360454
0.4,408191,360354
0.4,408191,360254
0.3,408191,360154
0.3,408191,360054
0.3,408191,359954
0.3,408191,359854
0.3,408191,359754
0.2,408191,359654
0.2,408191,359554
0.2,408191,359454
0.2,408191,359354
0.2,408191,359254
0.2,408191,359154
0.2,408191,359054
0.2,408191,358954
0.2,408191,358854
0.2,408191,358754
0.2,408191,358654
0.2,408191,358554
0.2,408191,358454
0.2,408191,358354
0.2,408191,358254
0.2,408191,358154
0.2,408191,358054
0.2,408191,357954
0.2,408191,357854
0.2,408191,357754
0.2,408191,357654
0.2,408191,357554
0.2,408191,357454
0.1,408191,357354
0.1,408191,357254
0.1,408191,357154
0.4,408191,357054
0.4,408191,356954
0.4,408191,356854
0.4,408191,356754
0.2,408191,356654
0.5,408191,356554
0.5,408191,356454
0.5,408191,356354
0.5,408191,356254
0.5,408191,356154
0.5,408291,361254
0.5,408291,361154
0.5,408291,361054
0.5,408291,360954
0.5,408291,360854
0.5,408291,360754
0.4,408291,360654
0.4,408291,360554
0.4,408291,360454
0.4,408291,360354
0.4,408291,360254
0.3,408291,360154
0.3,408291,360054
0.3,408291,359954
0.3,408291,359854
0.3,408291,359754
0.2,408291,359654
0.2,408291,359554
0.2,408291,359454
0.2,408291,359354
0.2,408291,359254
0.2,408291,359154
0.2,408291,359054
0.2,408291,358954
0.2,408291,358854
0.2,408291,358754
0.2,408291,358654
0.2,408291,358554
0.2,408291,358454
0.2,408291,358354
0.2,408291,358254
0.2,408291,358154
0.2,408291,358054
0.2,408291,357954
0.2,408291,357854
0.2,408291,357754
0.2,408291,357654
0.2,408291,357554
0.2,408291,357454
0.1,408291,357354
0.1,408291,357254
0.1,408291,357154
0.4,408291,357054
0.4,408291,356954
0.4,408291,356854
0.4,408291,356754
0.2,408291,356654
0.5,408291,356554
0.5,408291,356454
0.5,408291,356354
0.5,408291,356254
0.5,408291,356154
0.5,408391,361254
0.5,408391,361154
0.5,408391,361054
0.5,408391,360954
0.5,408391,360854
0.5,408391,360754
0.4,408391,360654
0.4,408391,360554
0.4,408391,360454
0.4,408391,360354
0.4,408391,360254
0.3,408391,360154
0.3,408391,360054
0.3,408391,359954
0.3,408391,359854
0.3,408391,359754
0.1,408391,359654
0.1,408391,359554
0.1,408391,359454
0.1,408391,359354
0.2,408391,359254
0.2,408391,359154
0.2,408391,359054
0.2,408391,358954
0.2,408391,358854
0.2,408391,358754
0.2,408391,358654
0.2,408391,358554
0.2,408391,358454
0.2,408391,358354
0.2,408391,358254
0.2,408391,358154
0.2,408391,358054
0.2,408391,357954
0.2,408391,357854
0.2,408391,357754
0.2,408391,357654
0.2,408391,357554
0.2,408391,357454
0.1,408391,357354
0.1,408391,357254
0.1,408391,357154
0.4,408391,357054
0.4,408391,356954
0.4,408391,356854
0.4,408391,356754
0.2,408391,356654
0.5,408391,356554
0.5,408391,356454
0.5,408391,356354
0.5,408391,356254
0.5,408391,356154
0.5,408491,361254
0.5,408491,361154
0.5,408491,361054
0.5,408491,360954
0.5,408491,360854
0.5,408491,360754
0.4,408491,360654
0.4,408491,360554
0.4,408491,360454
0.4,408491,360354
0.4,408491,360254
0.3,408491,360154
0.3,408491,360054
0.3,408491,359954
0.3,408491,359854
0.3,408491,359754
0.1,408491,359654
0.1,408491,359554
0.1,408491,359454
0.1,408491,359354
0.1,408491,359254
0.1,408491,359154
0.1,408491,359054
0.1,408491,358954
0.1,408491,358854
0.1,408491,358754
0.1,408491,358654
0.1,408491,358554
0.1,408491,358454
0.1,408491,358354
0.1,408491,358254
0.1,408491,358154
0.1,408491,358054
0.1,408491,357954
0.85,408491,357854
0.85,408491,357754
0.85,408491,357654
0.85,408491,357554
0.2,408491,357454
0.1,408491,357354
0.1,408491,357254
0.1,408491,357154
0.4,408491,357054
0.4,408491,356954
0.4,408491,356854
0.4,408491,356754
0.1,408491,356654
0.5,408491,356554
0.5,408491,356454
0.5,408491,356354
0.5,408491,356254
0.5,408491,356154
0.5,408591,361254
0.5,408591,361154
0.5,408591,361054
0.5,408591,360954
0.5,408591,360854
0.5,408591,360754
0.4,408591,360654
0.4,408591,360554
0.4,408591,360454
0.4,408591,360354
0.4,408591,360254
0.3,408591,360154
0.3,408591,360054
0.3,408591,359954
0.3,408591,359854
0.3,408591,359754
0.1,408591,359654
0.1,408591,359554
0.1,408591,359454
0.1,408591,359354
0.1,408591,359254
0.1,408591,359154
0.1,408591,359054
0.1,408591,358954
0.1,408591,358854
0.1,408591,358754
0.1,408591,358654
0.1,408591,358554
0.1,408591,358454
0.1,408591,358354
0.1,408591,358254
0.1,408591,358154
0.1,408591,358054
0.1,408591,357954
0.85,408591,357854
0.85,408591,357754
0.85,408591,357654
0.85,408591,357554
0.2,408591,357454
0.1,408591,357354
0.1,408591,357254
0.1,408591,357154
0.4,408591,357054
0.4,408591,356954
0.4,408591,356854
0.4,408591,356754
0.1,408591,356654
0.5,408591,356554
0.5,408591,356454
0.5,408591,356354
0.5,408591,356254
0.5,408591,356154
0.5,408691,361254
0.5,408691,361154
0.5,408691,361054
0.5,408691,360954
0.5,408691,360854
0.5,408691,360754
0.4,408691,360654
0.4,408691,360554
0.4,408691,360454
0.4,408691,360354
0.4,408691,360254
0.3,408691,360154
0.3,408691,360054
0.3,408691,359954
0.3,408691,359854
0.3,408691,359754
0.1,408691,359654
0.1,408691,359554
0.1,408691,359454
0.1,408691,359354
0.09,408691,359254
0.09,408691,359154
0.09,408691,359054
0.09,408691,358954
0.09,408691,358854
0.08,408691,358754
0.08,408691,358654
0.08,408691,358554
0.08,408691,358454
0.08,408691,358354
0.08,408691,358254
0.08,408691,358154
0.08,408691,358054
0.08,408691,357954
0.85,408691,357854
0.85,408691,357754
0.85,408691,357654
0.85,408691,357554
0.2,408691,357454
0.1,408691,357354
0.1,408691,357254
0.1,408691,357154
0.4,408691,357054
0.4,408691,356954
0.4,408691,356854
0.4,408691,356754
0.08,408691,356654
0.5,408691,356554
0.5,408691,356454
0.5,408691,356354
0.5,408691,356254
0.5,408691,356154
0.5,408791,361254
0.5,408791,361154
0.5,408791,361054
0.5,408791,360954
0.5,408791,360854
0.5,408791,360754
0.4,408791,360654
0.4,408791,360554
0.4,408791,360454
0.4,408791,360354
0.4,408791,360254
0.3,408791,360154
0.3,408791,360054
0.3,408791,359954
0.3,408791,359854
0.3,408791,359754
0.1,408791,359654
0.1,408791,359554
0.1,408791,359454
0.1,408791,359354
0.07,408791,359254
0.07,408791,359154
0.07,408791,359054
0.07,408791,358954
0.07,408791,358854
0.07,408791,358754
0.07,408791,358654
0.07,408791,358554
0.07,408791,358454
0.07,408791,358354
0.07,408791,358254
0.07,408791,358154
0.07,408791,358054
0.07,408791,357954
0.85,408791,357854
0.85,408791,357754
0.85,408791,357654
0.85,408791,357554
0.2,408791,357454
0.1,408791,357354
0.1,408791,357254
0.1,408791,357154
0.4,408791,357054
0.4,408791,356954
0.4,408791,356854
0.4,408791,356754
0.07,408791,356654
0.5,408791,356554
0.5,408791,356454
0.5,408791,356354
0.5,408791,356254
0.5,408791,356154
0.5,408891,361254
0.5,408891,361154
0.5,408891,361054
0.5,408891,360954
0.5,408891,360854
0.5,408891,360754
0.4,408891,360654
0.4,408891,360554
0.4,408891,360454
0.4,408891,360354
0.4,408891,360254
0.3,408891,360154
0.3,408891,360054
0.3,408891,359954
0.3,408891,359854
0.3,408891,359754
0.1,408891,359654
0.1,408891,359554
0.1,408891,359454
0.1,408891,359354
0.06,408891,359254
0.06,408891,359154
0.06,408891,359054
0.06,408891,358954
0.06,408891,358854
0.06,408891,358754
0.06,408891,358654
0.06,408891,358554
0.06,408891,358454
0.06,408891,358354
0.06,408891,358254
0.06,408891,358154
0.06,408891,358054
0.06,408891,357954
0.85,408891,357854
0.85,408891,357754
0.85,408891,357654
0.85,408891,357554
0.2,408891,357454
0.1,408891,357354
0.1,408891,357254
0.1,408891,357154
0.4,408891,357054
0.4,408891,356954
0.4,408891,356854
0.4,408891,356754
0.06,408891,356654
0.5,408891,356554
0.5,408891,356454
0.5,408891,356354
0.5,408891,356254
0.5,408891,356154
0.5,408991,361254
0.5,408991,361154
0.5,408991,361054
0.5,408991,360954
0.5,408991,360854
0.5,408991,360754
0.4,408991,360654
0.4,408991,360554
0.4,408991,360454
0.4,408991,360354
0.4,408991,360254
0.3,408991,360154
0.3,408991,360054
0.3,408991,359954
0.3,408991,359854
0.3,408991,359754
0.1,408991,359654
0.1,408991,359554
0.1,408991,359454
0.1,408991,359354
0.05,408991,359254
0.05,408991,359154
0.05,408991,359054
0.05,408991,358954
0.05,408991,358854
0.05,408991,358754
0.05,408991,358654
0.05,408991,358554
0.05,408991,358454
0.05,408991,358354
0.05,408991,358254
0.05,408991,358154
0.05,408991,358054
0.05,408991,357954
0.85,408991,357854
0.85,408991,357754
0.85,408991,357654
0.85,408991,357554
0.2,408991,357454
0.1,408991,357354
0.1,408991,357254
0.1,408991,357154
0.4,408991,357054
0.4,408991,356954
0.4,408991,356854
0.4,408991,356754
0.05,408991,356654
0.5,408991,356554
0.5,408991,356454
0.5,408991,356354
0.5,408991,356254
0.5,408991,356154
0.5,409091,361254
0.5,409091,361154
0.5,409091,361054
0.5,409091,360954
0.5,409091,360854
0.5,409091,360754
0.4,409091,360654
0.4,409091,360554
0.4,409091,360454
0.4,409091,360354
0.4,409091,360254
0.3,409091,360154
0.3,409091,360054
0.3,409091,359954
0.3,409091,359854
0.3,409091,359754
0.1,409091,359654
0.1,409091,359554
0.1,409091,359454
0.1,409091,359354
0.05,409091,359254
0.05,409091,359154
0.05,409091,359054
0.05,409091,358954
0.05,409091,358854
0.05,409091,358754
0.05,409091,358654
0.05,409091,358554
0.05,409091,358454
0.05,409091,358354
0.05,409091,358254
0.05,409091,358154
0.05,409091,358054
0.05,409091,357954
0.85,409091,357854
0.85,409091,357754
0.85,409091,357654
0.85,409091,357554
0.2,409091,357454
0.1,409091,357354
0.1,409091,357254
0.1,409091,357154
0.4,409091,357054
0.4,409091,356954
0.4,409091,356854
0.4,409091,356754
0.05,409091,356654
0.5,409091,356554
0.5,409091,356454
0.5,409091,356354
0.5,409091,356254
0.5,409091,356154
0.5,409191,361254
0.5,409191,361154
0.5,409191,361054
0.5,409191,360954
0.5,409191,360854
0.5,409191,360754
0.4,409191,360654
0.4,409191,360554
0.4,409191,360454
0.4,409191,360354
0.4,409191,360254
0.3,409191,360154
0.3,409191,360054
0.3,409191,359954
0.3,409191,359854
0.3,409191,359754
0.1,409191,359654
0.1,409191,359554
0.1,409191,359454
0.1,409191,359354
0.04,409191,359254
0.04,409191,359154
0.04,409191,359054
0.04,409191,358954
0.04,409191,358854
0.04,409191,358754
0.04,409191,358654
0.04,409191,358554
0.04,409191,358454
0.04,409191,358354
0.04,409191,358254
0.04,409191,358154
0.04,409191,358054
0.04,409191,357954
0.85,409191,357854
0.85,409191,357754
0.85,409191,357654
0.85,409191,357554
0.2,409191,357454
0.1,409191,357354
0.1,409191,357254
0.1,409191,357154
0.4,409191,357054
0.4,409191,356954
0.4,409191,356854
0.4,409191,356754
0.04,409191,356654
0.5,409191,356554
0.5,409191,356454
0.5,409191,356354
0.5,409191,356254
0.5,409191,356154
0.5,409291,361254
0.5,409291,361154
0.5,409291,361054
0.5,409291,360954
0.5,409291,360854
0.5,409291,360754
0.4,409291,360654
0.4,409291,360554
0.4,409291,360454
0.4,409291,360354
0.4,409291,360254
0.3,409291,360154
0.3,409291,360054
0.3,409291,359954
0.3,409291,359854
0.3,409291,359754
0.1,409291,359654
0.1,409291,359554
0.1,409291,359454
0.1,409291,359354
0.03,409291,359254
0.03,409291,359154
0.03,409291,359054
0.03,409291,358954
0.03,409291,358854
0.03,409291,358754
0.03,409291,358654
0.03,409291,358554
0.03,409291,358454
0.03,409291,358354
0.03,409291,358254
0.03,409291,358154
0.03,409291,358054
0.03,409291,357954
0.85,409291,357854
0.85,409291,357754
0.85,409291,357654
0.85,409291,357554
0.2,409291,357454
0.1,409291,357354
0.1,409291,357254
0.1,409291,357154
0.4,409291,357054
0.4,409291,356954
0.4,409291,356854
0.4,409291,356754
0.03,409291,356654
0.5,409291,356554
0.5,409291,356454
0.5,409291,356354
0.5,409291,356254
0.5,409291,356154
0.5,409391,361254
0.5,409391,361154
0.5,409391,361054
0.5,409391,360954
0.5,409391,360854
0.5,409391,360754
0.4,409391,360654
0.4,409391,360554
0.4,409391,360454
0.4,409391,360354
0.4,409391,360254
0.3,409391,360154
0.3,409391,360054
0.3,409391,359954
0.3,409391,359854
0.3,409391,359754
0.1,409391,359654
0.1,409391,359554
0.1,409391,359454
0.1,409391,359354
0.03,409391,359254
0.03,409391,359154
0.03,409391,359054
0.03,409391,358954
0.03,409391,358854
0.03,409391,358754
0.03,409391,358654
0.03,409391,358554
0.03,409391,358454
0.03,409391,358354
0.03,409391,358254
0.03,409391,358154
0.03,409391,358054
0.03,409391,357954
0.85,409391,357854
0.85,409391,357754
0.85,409391,357654
0.85,409391,357554
0.2,409391,357454
0.1,409391,357354
0.1,409391,357254
0.1,409391,357154
0.4,409391,357054
0.4,409391,356954
0.4,409391,356854
0.4,409391,356754
0.03,409391,356654
0.5,409391,356554
0.5,409391,356454
0.5,409391,356354
0.5,409391,356254
0.5,409391,356154
0.5,409491,361254
0.5,409491,361154
0.5,409491,361054
0.5,409491,360954
0.5,409491,360854
0.5,409491,360754
0.4,409491,360654
0.4,409491,360554
0.4,409491,360454
0.4,409491,360354
0.4,409491,360254
0.3,409491,360154
0.3,409491,360054
0.3,409491,359954
0.3,409491,359854
0.3,409491,359754
0.1,409491,359654
0.1,409491,359554
0.1,409491,359454
0.1,409491,359354
0.03,409491,359254
0.03,409491,359154
0.03,409491,359054
0.03,409491,358954
0.03,409491,358854
0.03,409491,358754
0.03,409491,358654
0.03,409491,358554
0.03,409491,358454
0.03,409491,358354
0.03,409491,358254
0.03,409491,358154
0.03,409491,358054
0.03,409491,357954
0.85,409491,357854
0.85,409491,357754
0.85,409491,357654
0.85,409491,357554
0.2,409491,357454
0.1,409491,357354
0.1,409491,357254
0.1,409491,357154
0.4,409491,357054
0.4,409491,356954
0.4,409491,356854
0.4,409491,356754
0.03,409491,356654
0.5,409491,356554
0.5,409491,356454
0.5,409491,356354
0.5,409491,356254
0.5,409491,356154
0.5,409591,361254
0.5,409591,361154
0.5,409591,361054
0.5,409591,360954
0.5,409591,360854
0.5,409591,360754
0.4,409591,360654
0.4,409591,360554
0.4,409591,360454
0.4,409591,360354
0.4,409591,360254
0.3,409591,360154
0.3,409591,360054
0.3,409591,359954
0.3,409591,359854
0.3,409591,359754
0.1,409591,359654
0.1,409591,359554
0.1,409591,359454
0.1,409591,359354
0.03,409591,359254
0.03,409591,359154
0.03,409591,359054
0.03,409591,358954
0.03,409591,358854
0.03,409591,358754
0.03,409591,358654
0.03,409591,358554
0.03,409591,358454
0.03,409591,358354
0.03,409591,358254
0.03,409591,358154
0.03,409591,358054
0.03,409591,357954
0.85,409591,357854
0.85,409591,357754
0.85,409591,357654
0.85,409591,357554
0.2,409591,357454
0.1,409591,357354
0.1,409591,357254
0.1,409591,357154
0.4,409591,357054
0.4,409591,356954
0.4,409591,356854
0.4,409591,356754
0.03,409591,356654
0.5,409591,356554
0.5,409591,356454
0.5,409591,356354
0.5,409591,356254
0.5,409591,356154
0.5,409691,361254
0.5,409691,361154
0.5,409691,361054
0.5,409691,360954
0.5,409691,360854
0.5,409691,360754
0.4,409691,360654
0.4,409691,360554
0.4,409691,360454
0.4,409691,360354
0.4,409691,360254
0.3,409691,360154
0.3,409691,360054
0.3,409691,359954
0.3,409691,359854
0.3,409691,359754
0.1,409691,359654
0.1,409691,359554
0.1,409691,359454
0.1,409691,359354
0.88,409691,359254
0.88,409691,359154
0.7,409691,359054
0.7,409691,358954
0.7,409691,358854
0.02,409691,358754
0.05,409691,358654
0.05,409691,358554
0.05,409691,358454
0.05,409691,358354
0.05,409691,358254
0.05,409691,358154
0.05,409691,358054
0.02,409691,357954
0.85,409691,357854
0.85,409691,357754
0.85,409691,357654
0.85,409691,357554
0.2,409691,357454
0.1,409691,357354
0.1,409691,357254
0.1,409691,357154
0.4,409691,357054
0.4,409691,356954
0.4,409691,356854
0.4,409691,356754
0.02,409691,356654
0.5,409691,356554
0.5,409691,356454
0.5,409691,356354
0.5,409691,356254
0.5,409691,356154
0.5,409791,361254
0.5,409791,361154
0.5,409791,361054
0.5,409791,360954
0.5,409791,360854
0.5,409791,360754
0.4,409791,360654
0.4,409791,360554
0.4,409791,360454
0.4,409791,360354
0.4,409791,360254
0.3,409791,360154
0.3,409791,360054
0.3,409791,359954
0.3,409791,359854
0.3,409791,359754
0.1,409791,359654
0.1,409791,359554
0.1,409791,359454
0.1,409791,359354
0.88,409791,359254
0.88,409791,359154
0.7,409791,359054
0.7,409791,358954
0.7,409791,358854
0.02,409791,358754
0.05,409791,358654
0.05,409791,358554
0.05,409791,358454
0.05,409791,358354
0.05,409791,358254
0.05,409791,358154
0.05,409791,358054
0.05,409791,357954
0.85,409791,357854
0.85,409791,357754
0.85,409791,357654
0.85,409791,357554
0.2,409791,357454
0.1,409791,357354
0.1,409791,357254
0.1,409791,357154
0.4,409791,357054
0.4,409791,356954
0.4,409791,356854
0.4,409791,356754
0.02,409791,356654
0.5,409791,356554
0.5,409791,356454
0.5,409791,356354
0.5,409791,356254
0.5,409791,356154
0.5,409891,361254
0.5,409891,361154
0.5,409891,361054
0.5,409891,360954
0.5,409891,360854
0.5,409891,360754
0.4,409891,360654
0.4,409891,360554
0.4,409891,360454
0.4,409891,360354
0.4,409891,360254
0.3,409891,360154
0.3,409891,360054
0.3,409891,359954
0.3,409891,359854
0.3,409891,359754
0.1,409891,359654
0.1,409891,359554
0.1,409891,359454
0.1,409891,359354
0.88,409891,359254
0.88,409891,359154
0.7,409891,359054
0.03,409891,358954
0.03,409891,358854
0.02,409891,358754
0.04,409891,358654
0.04,409891,358554
0.04,409891,358454
0.04,409891,358354
0.04,409891,358254
0.02,409891,358154
0.05,409891,358054
0.05,409891,357954
0.85,409891,357854
0.85,409891,357754
0.85,409891,357654
0.85,409891,357554
0.2,409891,357454
0.1,409891,357354
0.1,409891,357254
0.1,409891,357154
0.4,409891,357054
0.4,409891,356954
0.4,409891,356854
0.4,409891,356754
0.02,409891,356654
0.5,409891,356554
0.5,409891,356454
0.5,409891,356354
0.5,409891,356254
0.5,409891,356154
0.5,409991,361254
0.5,409991,361154
0.5,409991,361054
0.5,409991,360954
0.5,409991,360854
0.5,409991,360754
0.4,409991,360654
0.4,409991,360554
0.4,409991,360454
0.4,409991,360354
0.4,409991,360254
0.3,409991,360154
0.3,409991,360054
0.3,409991,359954
0.3,409991,359854
0.3,409991,359754
0.1,409991,359654
0.1,409991,359554
0.1,409991,359454
0.1,409991,359354
0.88,409991,359254
0.88,409991,359154
0.7,409991,359054
0.03,409991,358954
0.03,409991,358854
0.03,409991,358754
0.04,409991,358654
0.04,409991,358554
0.04,409991,358454
0.04,409991,358354
0.04,409991,358254
0.02,409991,358154
0.05,409991,358054
0.05,409991,357954
0.85,409991,357854
0.85,409991,357754
0.85,409991,357654
0.85,409991,357554
0.2,409991,357454
0.1,409991,357354
0.1,409991,357254
0.1,409991,357154
0.4,409991,357054
0.4,409991,356954
0.4,409991,356854
0.4,409991,356754
0.02,409991,356654
0.5,409991,356554
0.5,409991,356454
0.5,409991,356354
0.5,409991,356254
0.5,409991,356154
0.5,410091,361254
0.5,410091,361154
0.5,410091,361054
0.5,410091,360954
0.5,410091,360854
0.5,410091,360754
0.4,410091,360654
0.4,410091,360554
0.4,410091,360454
0.4,410091,360354
0.4,410091,360254
0.3,410091,360154
0.3,410091,360054
0.3,410091,359954
0.3,410091,359854
0.3,410091,359754
0.1,410091,359654
0.1,410091,359554
0.1,410091,359454
0.1,410091,359354
0.88,410091,359254
0.88,410091,359154
0.7,410091,359054
0.03,410091,358954
0.03,410091,358854
0.03,410091,358754
0.02,410091,358654
0.02,410091,358554
0.02,410091,358454
0.02,410091,358354
0.02,410091,358254
0.02,410091,358154
0.05,410091,358054
0.05,410091,357954
0.85,410091,357854
0.85,410091,357754
0.85,410091,357654
0.85,410091,357554
0.2,410091,357454
0.1,410091,357354
0.1,410091,357254
0.1,410091,357154
0.4,410091,357054
0.4,410091,356954
0.4,410091,356854
0.4,410091,356754
0.02,410091,356654
0.5,410091,356554
0.5,410091,356454
0.5,410091,356354
0.5,410091,356254
0.5,410091,356154
0.5,410191,361254
0.5,410191,361154
0.5,410191,361054
0.5,410191,360954
0.5,410191,360854
0.5,410191,360754
0.4,410191,360654
0.4,410191,360554
0.4,410191,360454
0.4,410191,360354
0.4,410191,360254
0.3,410191,360154
0.3,410191,360054
0.3,410191,359954
0.3,410191,359854
0.3,410191,359754
0.1,410191,359654
0.1,410191,359554
0.1,410191,359454
0.1,410191,359354
0.88,410191,359254
0.88,410191,359154
0.7,410191,359054
0.03,410191,358954
0.03,410191,358854
0.03,410191,358754
0.02,410191,358654
0.02,410191,358554
0.02,410191,358454
0.02,410191,358354
0.02,410191,358254
0.02,410191,358154
0.05,410191,358054
0.05,410191,357954
0.85,410191,357854
0.85,410191,357754
0.85,410191,357654
0.85,410191,357554
0.2,410191,357454
0.1,410191,357354
0.1,410191,357254
0.1,410191,357154
0.4,410191,357054
0.4,410191,356954
0.4,410191,356854
0.4,410191,356754
0.02,410191,356654
0.5,410191,356554
0.5,410191,356454
0.5,410191,356354
0.5,410191,356254
0.5,410191,356154
0.5,410291,361254
0.5,410291,361154
0.5,410291,361054
0.5,410291,360954
0.5,410291,360854
0.5,410291,360754
0.4,410291,360654
0.4,410291,360554
0.4,410291,360454
0.4,410291,360354
0.4,410291,360254
0.3,410291,360154
0.3,410291,360054
0.3,410291,359954
0.3,410291,359854
0.3,410291,359754
0.1,410291,359654
0.1,410291,359554
0.1,410291,359454
0.1,410291,359354
0.88,410291,359254
0.88,410291,359154
0.7,410291,359054
0.03,410291,358954
0.03,410291,358854
0.03,410291,358754
0.02,410291,358654
0.02,410291,358554
0.02,410291,358454
0.02,410291,358354
0.02,410291,358254
0.02,410291,358154
0.05,410291,358054
0.05,410291,357954
0.85,410291,357854
0.85,410291,357754
0.85,410291,357654
0.85,410291,357554
0.2,410291,357454
0.1,410291,357354
0.1,410291,357254
0.1,410291,357154
0.4,410291,357054
0.4,410291,356954
0.4,410291,356854
0.4,410291,356754
0.02,410291,356654
0.5,410291,356554
0.5,410291,356454
0.5,410291,356354
0.5,410291,356254
0.5,410291,356154
0.5,410391,361254
0.5,410391,361154
0.5,410391,361054
0.5,410391,360954
0.5,410391,360854
0.5,410391,360754
0.4,410391,360654
0.4,410391,360554
0.4,410391,360454
0.4,410391,360354
0.4,410391,360254
0.3,410391,360154
0.3,410391,360054
0.3,410391,359954
0.3,410391,359854
0.3,410391,359754
0.1,410391,359654
0.1,410391,359554
0.1,410391,359454
0.1,410391,359354
0.88,410391,359254
0.88,410391,359154
0.7,410391,359054
0.03,410391,358954
0.03,410391,358854
0.03,410391,358754
0.02,410391,358654
0.02,410391,358554
0.02,410391,358454
0.02,410391,358354
0.02,410391,358254
0.02,410391,358154
0.05,410391,358054
0.05,410391,357954
0.85,410391,357854
0.85,410391,357754
0.85,410391,357654
0.85,410391,357554
0.2,410391,357454
0.1,410391,357354
0.1,410391,357254
0.1,410391,357154
0.4,410391,357054
0.4,410391,356954
0.4,410391,356854
0.4,410391,356754
0.02,410391,356654
0.5,410391,356554
0.5,410391,356454
0.5,410391,356354
0.5,410391,356254
0.5,410391,356154
0.5,410491,361254
0.5,410491,361154
0.5,410491,361054
0.5,410491,360954
0.5,410491,360854
0.5,410491,360754
0.4,410491,360654
0.4,410491,360554
0.4,410491,360454
0.4,410491,360354
0.4,410491,360254
0.3,410491,360154
0.3,410491,360054
0.3,410491,359954
0.3,410491,359854
0.3,410491,359754
0.1,410491,359654
0.1,410491,359554
0.1,410491,359454
0.1,410491,359354
0.88,410491,359254
0.88,410491,359154
0.7,410491,359054
0.03,410491,358954
0.03,410491,358854
0.03,410491,358754
0.02,410491,358654
0.02,410491,358554
0.02,410491,358454
0.02,410491,358354
0.02,410491,358254
0.02,410491,358154
0.05,410491,358054
0.05,410491,357954
0.85,410491,357854
0.85,410491,357754
0.85,410491,357654
0.85,410491,357554
0.2,410491,357454
0.1,410491,357354
0.1,410491,357254
0.1,410491,357154
0.4,410491,357054
0.4,410491,356954
0.4,410491,356854
0.4,410491,356754
0.02,410491,356654
0.5,410491,356554
0.5,410491,356454
0.5,410491,356354
0.5,410491,356254
0.5,410491,356154
0.5,410591,361254
0.5,410591,361154
0.5,410591,361054
0.5,410591,360954
0.5,410591,360854
0.5,410591,360754
0.4,410591,360654
0.4,410591,360554
0.4,410591,360454
0.4,410591,360354
0.4,410591,360254
0.3,410591,360154
0.3,410591,360054
0.3,410591,359954
0.3,410591,359854
0.3,410591,359754
0.1,410591,359654
0.1,410591,359554
0.1,410591,359454
0.1,410591,359354
0.88,410591,359254
0.88,410591,359154
0.7,410591,359054
0.03,410591,358954
0.03,410591,358854
0.03,410591,358754
0.02,410591,358654
0.02,410591,358554
0.02,410591,358454
0.02,410591,358354
0.02,410591,358254
0.02,410591,358154
0.05,410591,358054
0.05,410591,357954
0.85,410591,357854
0.85,410591,357754
0.85,410591,357654
0.85,410591,357554
0.2,410591,357454
0.1,410591,357354
0.1,410591,357254
0.1,410591,357154
0.4,410591,357054
0.4,410591,356954
0.4,410591,356854
0.4,410591,356754
0.02,410591,356654
0.5,410591,356554
0.5,410591,356454
0.5,410591,356354
0.5,410591,356254
0.5,410591,356154
0.5,410691,361254
0.5,410691,361154
0.5,410691,361054
0.5,410691,360954
0.5,410691,360854
0.5,410691,360754
0.4,410691,360654
0.4,410691,360554
0.4,410691,360454
0.4,410691,360354
0.4,410691,360254
0.3,410691,360154
0.3,410691,360054
0.3,410691,359954
0.3,410691,359854
0.3,410691,359754
0.1,410691,359654
0.1,410691,359554
0.1,410691,359454
0.1,410691,359354
0.88,410691,359254
0.88,410691,359154
0.7,410691,359054
0.03,410691,358954
0.03,410691,358854
0.03,410691,358754
0.02,410691,358654
0.02,410691,358554
0.02,410691,358454
0.02,410691,358354
0.02,410691,358254
0.02,410691,358154
0.05,410691,358054
0.05,410691,357954
0.85,410691,357854
0.85,410691,357754
0.85,410691,357654
0.85,410691,357554
0.2,410691,357454
0.1,410691,357354
0.1,410691,357254
0.1,410691,357154
0.4,410691,357054
0.4,410691,356954
0.4,410691,356854
0.4,410691,356754
0.02,410691,356654
0.5,410691,356554
0.5,410691,356454
0.5,410691,356354
0.5,410691,356254
0.5,410691,356154
0.5,410791,361254
0.5,410791,361154
0.5,410791,361054
0.5,410791,360954
0.5,410791,360854
0.5,410791,360754
0.4,410791,360654
0.4,410791,360554
0.4,410791,360454
0.4,410791,360354
0.4,410791,360254
0.3,410791,360154
0.3,410791,360054
0.3,410791,359954
0.3,410791,359854
0.3,410791,359754
0.1,410791,359654
0.1,410791,359554
0.1,410791,359454
0.1,410791,359354
0.88,410791,359254
0.88,410791,359154
0.7,410791,359054
0.03,410791,358954
0.03,410791,358854
0.03,410791,358754
0.04,410791,358654
0.04,410791,358554
0.02,410791,358454
0.02,410791,358354
0.02,410791,358254
0.02,410791,358154
0.7,410791,358054
0.7,410791,357954
0.85,410791,357854
0.85,410791,357754
0.85,410791,357654
0.85,410791,357554
0.2,410791,357454
0.1,410791,357354
0.1,410791,357254
0.1,410791,357154
0.4,410791,357054
0.4,410791,356954
0.4,410791,356854
0.4,410791,356754
0.02,410791,356654
0.5,410791,356554
0.5,410791,356454
0.5,410791,356354
0.5,410791,356254
0.5,410791,356154
0.5,410891,361254
0.5,410891,361154
0.5,410891,361054
0.5,410891,360954
0.5,410891,360854
0.5,410891,360754
0.4,410891,360654
0.4,410891,360554
0.4,410891,360454
0.4,410891,360354
0.4,410891,360254
0.3,410891,360154
0.3,410891,360054
0.3,410891,359954
0.3,410891,359854
0.3,410891,359754
0.1,410891,359654
0.1,410891,359554
0.1,410891,359454
0.1,410891,359354
0.88,410891,359254
0.88,410891,359154
0.7,410891,359054
0.03,410891,358954
0.03,410891,358854
0.03,410891,358754
0.04,410891,358654
0.04,410891,358554
0.02,410891,358454
0.02,410891,358354
0.02,410891,358254
0.02,410891,358154
0.7,410891,358054
0.7,410891,357954
0.85,410891,357854
0.85,410891,357754
0.85,410891,357654
0.85,410891,357554
0.2,410891,357454
0.1,410891,357354
0.1,410891,357254
0.1,410891,357154
0.4,410891,357054
0.4,410891,356954
0.4,410891,356854
0.4,410891,356754
0.02,410891,356654
0.5,410891,356554
0.5,410891,356454
0.5,410891,356354
0.5,410891,356254
0.5,410891,356154
0.5,410991,361254
0.5,410991,361154
0.5,410991,361054
0.5,410991,360954
0.5,410991,360854
0.5,410991,360754
0.4,410991,360654
0.4,410991,360554
0.4,410991,360454
0.4,410991,360354
0.4,410991,360254
0.3,410991,360154
0.3,410991,360054
0.3,410991,359954
0.3,410991,359854
0.3,410991,359754
0.1,410991,359654
0.1,410991,359554
0.1,410991,359454
0.1,410991,359354
0.88,410991,359254
0.88,410991,359154
0.7,410991,359054
0.7,410991,358954
0.7,410991,358854
0.05,410991,358754
0.05,410991,358654
0.05,410991,358554
0.05,410991,358454
0.05,410991,358354
0.05,410991,358254
0.05,410991,358154
0.7,410991,358054
0.7,410991,357954
0.85,410991,357854
0.85,410991,357754
0.85,410991,357654
0.85,410991,357554
0.02,410991,357454
0.1,410991,357354
0.1,410991,357254
0.1,410991,357154
0.4,410991,357054
0.4,410991,356954
0.4,410991,356854
0.4,410991,356754
0.02,410991,356654
0.5,410991,356554
0.5,410991,356454
0.5,410991,356354
0.5,410991,356254
0.5,410991,356154
0.5,411091,361254
0.5,411091,361154
0.5,411091,361054
0.5,411091,360954
0.5,411091,360854
0.5,411091,360754
0.4,411091,360654
0.4,411091,360554
0.4,411091,360454
0.4,411091,360354
0.4,411091,360254
0.3,411091,360154
0.3,411091,360054
0.3,411091,359954
0.3,411091,359854
0.3,411091,359754
0.1,411091,359654
0.1,411091,359554
0.1,411091,359454
0.1,411091,359354
0.88,411091,359254
0.88,411091,359154
0.7,411091,359054
0.7,411091,358954
0.7,411091,358854
0.01,411091,358754
0.01,411091,358654
0.01,411091,358554
0.01,411091,358454
0.01,411091,358354
0.01,411091,358254
0.01,411091,358154
0.7,411091,358054
0.7,411091,357954
0.85,411091,357854
0.85,411091,357754
0.85,411091,357654
0.85,411091,357554
0.01,411091,357454
0.1,411091,357354
0.1,411091,357254
0.1,411091,357154
0.4,411091,357054
0.4,411091,356954
0.4,411091,356854
0.4,411091,356754
0.01,411091,356654
0.5,411091,356554
0.5,411091,356454
0.5,411091,356354
0.5,411091,356254
0.5,411091,356154
0.5,411191,361254
0.5,411191,361154
0.5,411191,361054
0.5,411191,360954
0.5,411191,360854
0.5,411191,360754
0.4,411191,360654
0.4,411191,360554
0.4,411191,360454
0.4,411191,360354
0.4,411191,360254
0.3,411191,360154
0.3,411191,360054
0.3,411191,359954
0.3,411191,359854
0.3,411191,359754
0.1,411191,359654
0.1,411191,359554
0.1,411191,359454
0.1,411191,359354
0.88,411191,359254
0.88,411191,359154
0.7,411191,359054
0.7,411191,358954
0.7,411191,358854
0.01,411191,358754
0.01,411191,358654
0.01,411191,358554
0.01,411191,358454
0.01,411191,358354
0.01,411191,358254
0.01,411191,358154
0.7,411191,358054
0.7,411191,357954
0.85,411191,357854
0.85,411191,357754
0.85,411191,357654
0.85,411191,357554
0.01,411191,357454
0.1,411191,357354
0.1,411191,357254
0.1,411191,357154
0.4,411191,357054
0.4,411191,356954
0.4,411191,356854
0.4,411191,356754
0.01,411191,356654
0.5,411191,356554
0.5,411191,356454
0.5,411191,356354
0.5,411191,356254
0.5,411191,356154
0.5,411291,361254
0.5,411291,361154
0.5,411291,361054
0.5,411291,360954
0.5,411291,360854
0.5,411291,360754
0.4,411291,360654
0.4,411291,360554
0.4,411291,360454
0.4,411291,360354
0.4,411291,360254
0.3,411291,360154
0.3,411291,360054
0.3,411291,359954
0.3,411291,359854
0.3,411291,359754
0.1,411291,359654
0.1,411291,359554
0.1,411291,359454
0.1,411291,359354
0.88,411291,359254
0.88,411291,359154
0.7,411291,359054
0.7,411291,358954
0.7,411291,358854
0.01,411291,358754
0.01,411291,358654
0.01,411291,358554
0.01,411291,358454
0.01,411291,358354
0.01,411291,358254
0.01,411291,358154
0.7,411291,358054
0.7,411291,357954
0.85,411291,357854
0.85,411291,357754
0.85,411291,357654
0.85,411291,357554
0.01,411291,357454
0.1,411291,357354
0.1,411291,357254
0.1,411291,357154
0.4,411291,357054
0.4,411291,356954
0.4,411291,356854
0.4,411291,356754
0.01,411291,356654
0.5,411291,356554
0.5,411291,356454
0.5,411291,356354
0.5,411291,356254
0.5,411291,356154
0.5,411391,361254
0.5,411391,361154
0.5,411391,361054
0.5,411391,360954
0.5,411391,360854
0.5,411391,360754
0.4,411391,360654
0.4,411391,360554
0.4,411391,360454
0.4,411391,360354
0.4,411391,360254
0.3,411391,360154
0.3,411391,360054
0.3,411391,359954
0.3,411391,359854
0.3,411391,359754
0.1,411391,359654
0.1,411391,359554
0.1,411391,359454
0.1,411391,359354
0.88,411391,359254
0.88,411391,359154
0.7,411391,359054
0.7,411391,358954
0.7,411391,358854
0.01,411391,358754
0.01,411391,358654
0.01,411391,358554
0.01,411391,358454
0.01,411391,358354
0.01,411391,358254
0.01,411391,358154
0.7,411391,358054
0.7,411391,357954
0.85,411391,357854
0.85,411391,357754
0.85,411391,357654
0.85,411391,357554
0.01,411391,357454
0.1,411391,357354
0.1,411391,357254
0.1,411391,357154
0.4,411391,357054
0.4,411391,356954
0.4,411391,356854
0.4,411391,356754
0.01,411391,356654
0.5,411391,356554
0.5,411391,356454
0.5,411391,356354
0.5,411391,356254
0.5,411391,356154
0.5,411491,361254
0.5,411491,361154
0.5,411491,361054
0.5,411491,360954
0.5,411491,360854
0.5,411491,360754
0.4,411491,360654
0.4,411491,360554
0.4,411491,360454
0.4,411491,360354
0.4,411491,360254
0.3,411491,360154
0.3,411491,360054
0.3,411491,359954
0.3,411491,359854
0.3,411491,359754
0.1,411491,359654
0.1,411491,359554
0.1,411491,359454
0.1,411491,359354
0.88,411491,359254
0.88,411491,359154
0.7,411491,359054
0.7,411491,358954
0.7,411491,358854
0.01,411491,358754
0.01,411491,358654
0.01,411491,358554
0.01,411491,358454
0.01,411491,358354
0.01,411491,358254
0.01,411491,358154
0.7,411491,358054
0.7,411491,357954
0.85,411491,357854
0.85,411491,357754
0.85,411491,357654
0.85,411491,357554
0.01,411491,357454
0.1,411491,357354
0.1,411491,357254
0.1,411491,357154
0.4,411491,357054
0.4,411491,356954
0.4,411491,356854
0.4,411491,356754
0.01,411491,356654
0.5,411491,356554
0.5,411491,356454
0.5,411491,356354
0.5,411491,356254
0.5,411491,356154
0.5,411591,361254
0.5,411591,361154
0.5,411591,361054
0.5,411591,360954
0.5,411591,360854
0.5,411591,360754
0.4,411591,360654
0.4,411591,360554
0.4,411591,360454
0.4,411591,360354
0.4,411591,360254
0.3,411591,360154
0.3,411591,360054
0.3,411591,359954
0.3,411591,359854
0.3,411591,359754
0.1,411591,359654
0.1,411591,359554
0.1,411591,359454
0.1,411591,359354
0.88,411591,359254
0.88,411591,359154
0.7,411591,359054
0.7,411591,358954
0.7,411591,358854
0.01,411591,358754
0.01,411591,358654
0.01,411591,358554
0.01,411591,358454
0.01,411591,358354
0.01,411591,358254
0.01,411591,358154
0.7,411591,358054
0.7,411591,357954
0.85,411591,357854
0.85,411591,357754
0.85,411591,357654
0.85,411591,357554
0.01,411591,357454
0.1,411591,357354
0.1,411591,357254
0.1,411591,357154
0.4,411591,357054
0.4,411591,356954
0.4,411591,356854
0.4,411591,356754
0.01,411591,356654
0.5,411591,356554
0.5,411591,356454
0.5,411591,356354
0.5,411591,356254
0.5,411591,356154
0.5,411691,361254
0.5,411691,361154
0.5,411691,361054
0.5,411691,360954
0.5,411691,360854
0.5,411691,360754
0.4,411691,360654
0.4,411691,360554
0.4,411691,360454
0.4,411691,360354
0.4,411691,360254
0.3,411691,360154
0.3,411691,360054
0.3,411691,359954
0.3,411691,359854
0.3,411691,359754
0.1,411691,359654
0.1,411691,359554
0.1,411691,359454
0.1,411691,359354
0.88,411691,359254
0.88,411691,359154
0.7,411691,359054
0.7,411691,358954
0.7,411691,358854
0.01,411691,358754
0.01,411691,358654
0.01,411691,358554
0.01,411691,358454
0.01,411691,358354
0.01,411691,358254
0.01,411691,358154
0.7,411691,358054
0.7,411691,357954
0.85,411691,357854
0.85,411691,357754
0.85,411691,357654
0.85,411691,357554
0.01,411691,357454
0.1,411691,357354
0.1,411691,357254
0.1,411691,357154
0.4,411691,357054
0.4,411691,356954
0.4,411691,356854
0.4,411691,356754
0.01,411691,356654
0.5,411691,356554
0.5,411691,356454
0.5,411691,356354
0.5,411691,356254
0.5,411691,356154
0.5,411791,361254
0.5,411791,361154
0.5,411791,361054
0.5,411791,360954
0.5,411791,360854
0.5,411791,360754
0.4,411791,360654
0.4,411791,360554
0.4,411791,360454
0.4,411791,360354
0.4,411791,360254
0.3,411791,360154
0.3,411791,360054
0.3,411791,359954
0.3,411791,359854
0.3,411791,359754
0.1,411791,359654
0.1,411791,359554
0.1,411791,359454
0.1,411791,359354
0.88,411791,359254
0.88,411791,359154
0.7,411791,359054
0.7,411791,358954
0.7,411791,358854
0.01,411791,358754
0.01,411791,358654
0.01,411791,358554
0.01,411791,358454
0.01,411791,358354
0.01,411791,358254
0.01,411791,358154
0.01,411791,358054
0.01,411791,357954
0.85,411791,357854
0.85,411791,357754
0.85,411791,357654
0.85,411791,357554
0.01,411791,357454
0.1,411791,357354
0.1,411791,357254
0.1,411791,357154
0.4,411791,357054
0.4,411791,356954
0.4,411791,356854
0.4,411791,356754
0.01,411791,356654
0.5,411791,356554
0.5,411791,356454
0.5,411791,356354
0.5,411791,356254
0.5,411791,356154
0.5,411891,361254
0.5,411891,361154
0.5,411891,361054
0.5,411891,360954
0.5,411891,360854
0.5,411891,360754
0.4,411891,360654
0.4,411891,360554
0.4,411891,360454
0.4,411891,360354
0.4,411891,360254
0.3,411891,360154
0.3,411891,360054
0.3,411891,359954
0.3,411891,359854
0.3,411891,359754
0.1,411891,359654
0.1,411891,359554
0.1,411891,359454
0.1,411891,359354
0.01,411891,359254
0.01,411891,359154
0.7,411891,359054
0.7,411891,358954
0.7,411891,358854
0.01,411891,358754
0.01,411891,358654
0.01,411891,358554
0.01,411891,358454
0.01,411891,358354
0.01,411891,358254
0.01,411891,358154
0.01,411891,358054
0.01,411891,357954
0.85,411891,357854
0.85,411891,357754
0.85,411891,357654
0.85,411891,357554
0.01,411891,357454
0.1,411891,357354
0.1,411891,357254
0.1,411891,357154
0.4,411891,357054
0.4,411891,356954
0.4,411891,356854
0.4,411891,356754
0.01,411891,356654
0.5,411891,356554
0.5,411891,356454
0.5,411891,356354
0.5,411891,356254
0.5,411891,356154
0.5,411991,361254
0.5,411991,361154
0.5,411991,361054
0.5,411991,360954
0.5,411991,360854
0.5,411991,360754
0.4,411991,360654
0.4,411991,360554
0.4,411991,360454
0.4,411991,360354
0.4,411991,360254
0.3,411991,360154
0.3,411991,360054
0.3,411991,359954
0.3,411991,359854
0.3,411991,359754
0.1,411991,359654
0.1,411991,359554
0.1,411991,359454
0.1,411991,359354
0.3,411991,359254
0.01,411991,359154
0.7,411991,359054
0.7,411991,358954
0.7,411991,358854
0.01,411991,358754
0.01,411991,358654
0.01,411991,358554
0.01,411991,358454
0.01,411991,358354
0.01,411991,358254
0.01,411991,358154
0.01,411991,358054
0.01,411991,357954
0.85,411991,357854
0.85,411991,357754
0.85,411991,357654
0.85,411991,357554
0.2,411991,357454
0.2,411991,357354
0.2,411991,357254
0.01,411991,357154
0.4,411991,357054
0.4,411991,356954
0.4,411991,356854
0.4,411991,356754
0.01,411991,356654
0.5,411991,356554
0.5,411991,356454
0.5,411991,356354
0.5,411991,356254
0.5,411991,356154
0.5,412091,361254
0.5,412091,361154
0.5,412091,361054
0.5,412091,360954
0.5,412091,360854
0.5,412091,360754
0.4,412091,360654
0.4,412091,360554
0.4,412091,360454
0.4,412091,360354
0.4,412091,360254
0.3,412091,360154
0.3,412091,360054
0.3,412091,359954
0.3,412091,359854
0.3,412091,359754
0.1,412091,359654
0.1,412091,359554
0.1,412091,359454
0.1,412091,359354
0.3,412091,359254
0.01,412091,359154
0.7,412091,359054
0.7,412091,358954
0.7,412091,358854
0.01,412091,358754
0.01,412091,358654
0.01,412091,358554
0.01,412091,358454
0.01,412091,358354
0.01,412091,358254
0.01,412091,358154
0.01,412091,358054
0.01,412091,357954
0.85,412091,357854
0.85,412091,357754
0.85,412091,357654
0.85,412091,357554
0.2,412091,357454
0.2,412091,357354
0.2,412091,357254
0.01,412091,357154
0.4,412091,357054
0.4,412091,356954
0.4,412091,356854
0.4,412091,356754
0.01,412091,356654
0.5,412091,356554
0.5,412091,356454
0.5,412091,356354
0.5,412091,356254
0.5,412091,356154
0.5,412191,361254
0.5,412191,361154
0.5,412191,361054
0.5,412191,360954
0.5,412191,360854
0.5,412191,360754
0.4,412191,360654
0.4,412191,360554
0.4,412191,360454
0.4,412191,360354
0.4,412191,360254
0.3,412191,360154
0.3,412191,360054
0.3,412191,359954
0.3,412191,359854
0.3,412191,359754
0.1,412191,359654
0.1,412191,359554
0.1,412191,359454
0.1,412191,359354
0.3,412191,359254
0.01,412191,359154
0.7,412191,359054
0.7,412191,358954
0.7,412191,358854
0.01,412191,358754
0.01,412191,358654
0.01,412191,358554
0.01,412191,358454
0.01,412191,358354
0.01,412191,358254
0.01,412191,358154
0.01,412191,358054
0.01,412191,357954
0.85,412191,357854
0.85,412191,357754
0.85,412191,357654
0.85,412191,357554
0.2,412191,357454
0.2,412191,357354
0.2,412191,357254
0.01,412191,357154
0.4,412191,357054
0.4,412191,356954
0.4,412191,356854
0.4,412191,356754
0.01,412191,356654
0.5,412191,356554
0.5,412191,356454
0.5,412191,356354
0.5,412191,356254
0.5,412191,356154
0.5,412291,361254
0.5,412291,361154
0.5,412291,361054
0.5,412291,360954
0.5,412291,360854
0.5,412291,360754
0.4,412291,360654
0.4,412291,360554
0.4,412291,360454
0.4,412291,360354
0.4,412291,360254
0.3,412291,360154
0.3,412291,360054
0.3,412291,359954
0.3,412291,359854
0.3,412291,359754
0.1,412291,359654
0.1,412291,359554
0.1,412291,359454
0.1,412291,359354
0.3,412291,359254
0.01,412291,359154
0.7,412291,359054
0.7,412291,358954
0.7,412291,358854
0.01,412291,358754
0.01,412291,358654
0.01,412291,358554
0.01,412291,358454
0.01,412291,358354
0.01,412291,358254
0.01,412291,358154
0.01,412291,358054
0.01,412291,357954
0.85,412291,357854
0.85,412291,357754
0.85,412291,357654
0.85,412291,357554
0.2,412291,357454
0.2,412291,357354
0.2,412291,357254
0.01,412291,357154
0.4,412291,357054
0.4,412291,356954
0.4,412291,356854
0.4,412291,356754
0.01,412291,356654
0.5,412291,356554
0.5,412291,356454
0.5,412291,356354
0.5,412291,356254
0.5,412291,356154
0.5,412391,361254
0.5,412391,361154
0.5,412391,361054
0.5,412391,360954
0.5,412391,360854
0.5,412391,360754
0.4,412391,360654
0.4,412391,360554
0.4,412391,360454
0.4,412391,360354
0.4,412391,360254
0.3,412391,360154
0.3,412391,360054
0.3,412391,359954
0.3,412391,359854
0.3,412391,359754
0.1,412391,359654
0.1,412391,359554
0.1,412391,359454
0.1,412391,359354
0.3,412391,359254
0.01,412391,359154
0.7,412391,359054
0.7,412391,358954
0.7,412391,358854
0.01,412391,358754
0.01,412391,358654
0.01,412391,358554
0.01,412391,358454
0.01,412391,358354
0.01,412391,358254
0.01,412391,358154
0.01,412391,358054
0.01,412391,357954
0.85,412391,357854
0.85,412391,357754
0.85,412391,357654
0.85,412391,357554
0.2,412391,357454
0.2,412391,357354
0.2,412391,357254
0.01,412391,357154
0.4,412391,357054
0.4,412391,356954
0.4,412391,356854
0.4,412391,356754
0.01,412391,356654
0.5,412391,356554
0.5,412391,356454
0.5,412391,356354
0.5,412391,356254
0.5,412391,356154
0.5,412491,361254
0.5,412491,361154
0.5,412491,361054
0.5,412491,360954
0.5,412491,360854
0.5,412491,360754
0.4,412491,360654
0.4,412491,360554
0.4,412491,360454
0.4,412491,360354
0.4,412491,360254
0.3,412491,360154
0.3,412491,360054
0.3,412491,359954
0.3,412491,359854
0.3,412491,359754
0.1,412491,359654
0.1,412491,359554
0.1,412491,359454
0.1,412491,359354
0.3,412491,359254
0.01,412491,359154
0.7,412491,359054
0.7,412491,358954
0.7,412491,358854
0.01,412491,358754
0.01,412491,358654
0.01,412491,358554
0.01,412491,358454
0.01,412491,358354
0.01,412491,358254
0.01,412491,358154
0.01,412491,358054
0.01,412491,357954
0.01,412491,357854
0.01,412491,357754
0.01,412491,357654
0.01,412491,357554
0.2,412491,357454
0.2,412491,357354
0.2,412491,357254
0.25,412491,357154
0.25,412491,357054
0.25,412491,356954
0.4,412491,356854
0.4,412491,356754
0.02,412491,356654
0.5,412491,356554
0.5,412491,356454
0.5,412491,356354
0.5,412491,356254
0.5,412491,356154
0.5,412591,361254
0.5,412591,361154
0.5,412591,361054
0.5,412591,360954
0.5,412591,360854
0.5,412591,360754
0.4,412591,360654
0.4,412591,360554
0.4,412591,360454
0.4,412591,360354
0.4,412591,360254
0.3,412591,360154
0.3,412591,360054
0.3,412591,359954
0.3,412591,359854
0.3,412591,359754
0.1,412591,359654
0.1,412591,359554
0.1,412591,359454
0.1,412591,359354
0.3,412591,359254
0.02,412591,359154
0.02,412591,359054
0.02,412591,358954
0.02,412591,358854
0.02,412591,358754
0.02,412591,358654
0.02,412591,358554
0.02,412591,358454
0.02,412591,358354
0.02,412591,358254
0.02,412591,358154
0.02,412591,358054
0.02,412591,357954
0.02,412591,357854
0.02,412591,357754
0.02,412591,357654
0.02,412591,357554
0.2,412591,357454
0.2,412591,357354
0.2,412591,357254
0.25,412591,357154
0.25,412591,357054
0.25,412591,356954
0.4,412591,356854
0.4,412591,356754
0.02,412591,356654
0.5,412591,356554
0.5,412591,356454
0.5,412591,356354
0.5,412591,356254
0.5,412591,356154
0.5,412691,361254
0.5,412691,361154
0.5,412691,361054
0.5,412691,360954
0.5,412691,360854
0.5,412691,360754
0.4,412691,360654
0.4,412691,360554
0.4,412691,360454
0.4,412691,360354
0.4,412691,360254
0.3,412691,360154
0.3,412691,360054
0.3,412691,359954
0.3,412691,359854
0.3,412691,359754
0.1,412691,359654
0.1,412691,359554
0.1,412691,359454
0.1,412691,359354
0.3,412691,359254
0.02,412691,359154
0.02,412691,359054
0.02,412691,358954
0.02,412691,358854
0.02,412691,358754
0.02,412691,358654
0.02,412691,358554
0.02,412691,358454
0.02,412691,358354
0.02,412691,358254
0.02,412691,358154
0.02,412691,358054
0.02,412691,357954
0.02,412691,357854
0.02,412691,357754
0.02,412691,357654
0.02,412691,357554
0.2,412691,357454
0.2,412691,357354
0.2,412691,357254
0.25,412691,357154
0.25,412691,357054
0.25,412691,356954
0.4,412691,356854
0.4,412691,356754
0.02,412691,356654
0.5,412691,356554
0.5,412691,356454
0.5,412691,356354
0.5,412691,356254
0.5,412691,356154
0.5,412791,361254
0.5,412791,361154
0.5,412791,361054
0.5,412791,360954
0.5,412791,360854
0.5,412791,360754
0.4,412791,360654
0.4,412791,360554
0.4,412791,360454
0.4,412791,360354
0.4,412791,360254
0.3,412791,360154
0.3,412791,360054
0.3,412791,359954
0.3,412791,359854
0.3,412791,359754
0.1,412791,359654
0.1,412791,359554
0.1,412791,359454
0.1,412791,359354
0.3,412791,359254
0.02,412791,359154
0.02,412791,359054
0.02,412791,358954
0.02,412791,358854
0.02,412791,358754
0.02,412791,358654
0.02,412791,358554
0.02,412791,358454
0.02,412791,358354
0.02,412791,358254
0.02,412791,358154
0.02,412791,358054
0.02,412791,357954
0.02,412791,357854
0.02,412791,357754
0.02,412791,357654
0.02,412791,357554
0.2,412791,357454
0.2,412791,357354
0.2,412791,357254
0.25,412791,357154
0.25,412791,357054
0.25,412791,356954
0.4,412791,356854
0.4,412791,356754
0.02,412791,356654
0.5,412791,356554
0.5,412791,356454
0.5,412791,356354
0.5,412791,356254
0.5,412791,356154
0.5,412891,361254
0.5,412891,361154
0.5,412891,361054
0.5,412891,360954
0.5,412891,360854
0.5,412891,360754
0.4,412891,360654
0.4,412891,360554
0.4,412891,360454
0.4,412891,360354
0.4,412891,360254
0.3,412891,360154
0.3,412891,360054
0.3,412891,359954
0.3,412891,359854
0.3,412891,359754
0.1,412891,359654
0.1,412891,359554
0.1,412891,359454
0.1,412891,359354
0.3,412891,359254
0.02,412891,359154
0.02,412891,359054
0.02,412891,358954
0.02,412891,358854
0.02,412891,358754
0.02,412891,358654
0.02,412891,358554
0.02,412891,358454
0.02,412891,358354
0.02,412891,358254
0.02,412891,358154
0.02,412891,358054
0.02,412891,357954
0.02,412891,357854
0.02,412891,357754
0.02,412891,357654
0.02,412891,357554
0.2,412891,357454
0.2,412891,357354
0.2,412891,357254
0.25,412891,357154
0.25,412891,357054
0.25,412891,356954
0.4,412891,356854
0.4,412891,356754
0.02,412891,356654
0.5,412891,356554
0.5,412891,356454
0.5,412891,356354
0.5,412891,356254
0.5,412891,356154
0.5,412991,361254
0.5,412991,361154
0.5,412991,361054
0.5,412991,360954
0.5,412991,360854
0.5,412991,360754
0.4,412991,360654
0.4,412991,360554
0.4,412991,360454
0.4,412991,360354
0.4,412991,360254
0.3,412991,360154
0.3,412991,360054
0.3,412991,359954
0.3,412991,359854
0.3,412991,359754
0.1,412991,359654
0.1,412991,359554
0.1,412991,359454
0.1,412991,359354
0.3,412991,359254
0.02,412991,359154
0.02,412991,359054
0.02,412991,358954
0.02,412991,358854
0.02,412991,358754
0.02,412991,358654
0.02,412991,358554
0.02,412991,358454
0.02,412991,358354
0.02,412991,358254
0.02,412991,358154
0.02,412991,358054
0.02,412991,357954
0.02,412991,357854
0.02,412991,357754
0.02,412991,357654
0.02,412991,357554
0.2,412991,357454
0.2,412991,357354
0.2,412991,357254
0.25,412991,357154
0.25,412991,357054
0.25,412991,356954
0.4,412991,356854
0.4,412991,356754
0.02,412991,356654
0.5,412991,356554
0.5,412991,356454
0.5,412991,356354
0.5,412991,356254
0.5,412991,356154
0.5,413091,361254
0.5,413091,361154
0.5,413091,361054
0.5,413091,360954
0.5,413091,360854
0.5,413091,360754
0.4,413091,360654
0.4,413091,360554
0.4,413091,360454
0.4,413091,360354
0.4,413091,360254
0.3,413091,360154
0.3,413091,360054
0.3,413091,359954
0.3,413091,359854
0.3,413091,359754
0.1,413091,359654
0.1,413091,359554
0.1,413091,359454
0.1,413091,359354
0.02,413091,359254
0.02,413091,359154
0.02,413091,359054
0.02,413091,358954
0.02,413091,358854
0.02,413091,358754
0.02,413091,358654
0.02,413091,358554
0.02,413091,358454
0.02,413091,358354
0.02,413091,358254
0.02,413091,358154
0.02,413091,358054
0.02,413091,357954
0.02,413091,357854
0.02,413091,357754
0.02,413091,357654
0.02,413091,357554
0.2,413091,357454
0.2,413091,357354
0.2,413091,357254
0.25,413091,357154
0.25,413091,357054
0.25,413091,356954
0.4,413091,356854
0.4,413091,356754
0.02,413091,356654
0.5,413091,356554
0.5,413091,356454
0.5,413091,356354
0.5,413091,356254
0.5,413091,356154
0.5,413191,361254
0.5,413191,361154
0.5,413191,361054
0.5,413191,360954
0.5,413191,360854
0.5,413191,360754
0.4,413191,360654
0.4,413191,360554
0.4,413191,360454
0.4,413191,360354
0.4,413191,360254
0.3,413191,360154
0.3,413191,360054
0.3,413191,359954
0.3,413191,359854
0.3,413191,359754
0.02,413191,359654
0.47,413191,359554
0.47,413191,359454
0.02,413191,359354
0.02,413191,359254
0.02,413191,359154
0.02,413191,359054
0.02,413191,358954
0.02,413191,358854
0.02,413191,358754
0.02,413191,358654
0.02,413191,358554
0.02,413191,358454
0.02,413191,358354
0.02,413191,358254
0.02,413191,358154
0.02,413191,358054
0.02,413191,357954
0.02,413191,357854
0.02,413191,357754
0.02,413191,357654
0.02,413191,357554
0.2,413191,357454
0.2,413191,357354
0.2,413191,357254
0.25,413191,357154
0.25,413191,357054
0.25,413191,356954
0.4,413191,356854
0.4,413191,356754
0.02,413191,356654
0.5,413191,356554
0.5,413191,356454
0.5,413191,356354
0.5,413191,356254
0.5,413191,356154
0.5,413291,361254
0.5,413291,361154
0.5,413291,361054
0.5,413291,360954
0.5,413291,360854
0.5,413291,360754
0.4,413291,360654
0.4,413291,360554
0.4,413291,360454
0.4,413291,360354
0.4,413291,360254
0.3,413291,360154
0.3,413291,360054
0.3,413291,359954
0.3,413291,359854
0.3,413291,359754
0.02,413291,359654
0.47,413291,359554
0.47,413291,359454
0.02,413291,359354
0.02,413291,359254
0.02,413291,359154
0.02,413291,359054
0.02,413291,358954
0.02,413291,358854
0.02,413291,358754
0.02,413291,358654
0.02,413291,358554
0.02,413291,358454
0.02,413291,358354
0.02,413291,358254
0.02,413291,358154
0.02,413291,358054
0.02,413291,357954
0.02,413291,357854
0.02,413291,357754
0.02,413291,357654
0.02,413291,357554
0.2,413291,357454
0.2,413291,357354
0.2,413291,357254
0.25,413291,357154
0.25,413291,357054
0.25,413291,356954
0.4,413291,356854
0.4,413291,356754
0.02,413291,356654
0.5,413291,356554
0.5,413291,356454
0.5,413291,356354
0.5,413291,356254
0.5,413291,356154
0.5,413391,361254
0.5,413391,361154
0.5,413391,361054
0.5,413391,360954
0.5,413391,360854
0.5,413391,360754
0.4,413391,360654
0.4,413391,360554
0.4,413391,360454
0.4,413391,360354
0.4,413391,360254
0.3,413391,360154
0.3,413391,360054
0.3,413391,359954
0.3,413391,359854
0.3,413391,359754
0.37,413391,359654
0.47,413391,359554
0.47,413391,359454
0.37,413391,359354
0.37,413391,359254
0.37,413391,359154
0.37,413391,359054
0.37,413391,358954
0.37,413391,358854
0.37,413391,358754
0.37,413391,358654
0.37,413391,358554
0.37,413391,358454
0.37,413391,358354
0.37,413391,358254
0.37,413391,358154
0.37,413391,358054
0.37,413391,357954
0.37,413391,357854
0.37,413391,357754
0.02,413391,357654
0.02,413391,357554
0.2,413391,357454
0.2,413391,357354
0.2,413391,357254
0.25,413391,357154
0.25,413391,357054
0.25,413391,356954
0.4,413391,356854
0.4,413391,356754
0.02,413391,356654
0.5,413391,356554
0.5,413391,356454
0.5,413391,356354
0.5,413391,356254
0.5,413391,356154
0.5,413491,361254
0.5,413491,361154
0.5,413491,361054
0.5,413491,360954
0.5,413491,360854
0.5,413491,360754
0.4,413491,360654
0.4,413491,360554
0.4,413491,360454
0.4,413491,360354
0.4,413491,360254
0.3,413491,360154
0.3,413491,360054
0.3,413491,359954
0.3,413491,359854
0.3,413491,359754
0.37,413491,359654
0.47,413491,359554
0.47,413491,359454
0.37,413491,359354
0.37,413491,359254
0.37,413491,359154
0.37,413491,359054
0.37,413491,358954
0.37,413491,358854
0.37,413491,358754
0.37,413491,358654
0.37,413491,358554
0.37,413491,358454
0.37,413491,358354
0.37,413491,358254
0.37,413491,358154
0.37,413491,358054
0.37,413491,357954
0.37,413491,357854
0.37,413491,357754
0.4,413491,357654
0.4,413491,357554
0.4,413491,357454
0.4,413491,357354
0.4,413491,357254
0.4,413491,357154
0.4,413491,357054
0.4,413491,356954
0.4,413491,356854
0.4,413491,356754
0.02,413491,356654
0.5,413491,356554
0.5,413491,356454
0.5,413491,356354
0.5,413491,356254
0.5,413491,356154
0.5,413591,361254
0.5,413591,361154
0.5,413591,361054
0.5,413591,360954
0.5,413591,360854
0.5,413591,360754
0.4,413591,360654
0.4,413591,360554
0.4,413591,360454
0.4,413591,360354
0.4,413591,360254
0.3,413591,360154
0.3,413591,360054
0.3,413591,359954
0.3,413591,359854
0.3,413591,359754
0.37,413591,359654
0.37,413591,359554
0.37,413591,359454
0.37,413591,359354
0.37,413591,359254
0.37,413591,359154
0.37,413591,359054
0.37,413591,358954
0.37,413591,358854
0.37,413591,358754
0.37,413591,358654
0.37,413591,358554
0.37,413591,358454
0.37,413591,358354
0.37,413591,358254
0.37,413591,358154
0.37,413591,358054
0.37,413591,357954
0.37,413591,357854
0.37,413591,357754
0.4,413591,357654
0.4,413591,357554
0.4,413591,357454
0.4,413591,357354
0.4,413591,357254
0.4,413591,357154
0.02,413591,357054
0.02,413591,356954
0.02,413591,356854
0.02,413591,356754
0.02,413591,356654
0.5,413591,356554
0.5,413591,356454
0.5,413591,356354
0.5,413591,356254
0.5,413591,356154
0.5,413691,361254
0.5,413691,361154
0.5,413691,361054
0.5,413691,360954
0.5,413691,360854
0.5,413691,360754
0.4,413691,360654
0.4,413691,360554
0.4,413691,360454
0.4,413691,360354
0.4,413691,360254
0.3,413691,360154
0.3,413691,360054
0.3,413691,359954
0.3,413691,359854
0.3,413691,359754
0.37,413691,359654
0.37,413691,359554
0.37,413691,359454
0.37,413691,359354
0.37,413691,359254
0.37,413691,359154
0.37,413691,359054
0.37,413691,358954
0.37,413691,358854
0.37,413691,358754
0.37,413691,358654
0.37,413691,358554
0.37,413691,358454
0.37,413691,358354
0.37,413691,358254
0.37,413691,358154
0.37,413691,358054
0.37,413691,357954
0.37,413691,357854
0.37,413691,357754
0.4,413691,357654
0.4,413691,357554
0.4,413691,357454
0.4,413691,357354
0.4,413691,357254
0.4,413691,357154
0.02,413691,357054
0.02,413691,356954
0.02,413691,356854
0.02,413691,356754
0.02,413691,356654
0.5,413691,356554
0.5,413691,356454
0.5,413691,356354
0.5,413691,356254
0.5,413691,356154
0.5,413791,361254
0.5,413791,361154
0.5,413791,361054
0.5,413791,360954
0.5,413791,360854
0.5,413791,360754
0.4,413791,360654
0.4,413791,360554
0.4,413791,360454
0.4,413791,360354
0.4,413791,360254
0.3,413791,360154
0.3,413791,360054
0.3,413791,359954
0.3,413791,359854
0.3,413791,359754
0.4,413791,359654
0.4,413791,359554
0.4,413791,359454
0.4,413791,359354
0.4,413791,359254
0.4,413791,359154
0.4,413791,359054
0.4,413791,358954
0.4,413791,358854
0.4,413791,358754
0.4,413791,358654
0.4,413791,358554
0.4,413791,358454
0.4,413791,358354
0.4,413791,358254
0.4,413791,358154
0.4,413791,358054
0.4,413791,357954
0.4,413791,357854
0.4,413791,357754
0.4,413791,357654
0.4,413791,357554
0.4,413791,357454
0.4,413791,357354
0.4,413791,357254
0.4,413791,357154
0.02,413791,357054
0.02,413791,356954
0.02,413791,356854
0.02,413791,356754
0.02,413791,356654
0.5,413791,356554
0.5,413791,356454
0.5,413791,356354
0.5,413791,356254
0.5,413791,356154
0.5,413891,361254
0.5,413891,361154
0.5,413891,361054
0.5,413891,360954
0.5,413891,360854
0.5,413891,360754
0.4,413891,360654
0.4,413891,360554
0.4,413891,360454
0.4,413891,360354
0.4,413891,360254
0.4,413891,360154
0.4,413891,360054
0.4,413891,359954
0.4,413891,359854
0.4,413891,359754
0.4,413891,359654
0.4,413891,359554
0.4,413891,359454
0.4,413891,359354
0.4,413891,359254
0.4,413891,359154
0.4,413891,359054
0.4,413891,358954
0.4,413891,358854
0.4,413891,358754
0.4,413891,358654
0.4,413891,358554
0.4,413891,358454
0.4,413891,358354
0.4,413891,358254
0.4,413891,358154
0.4,413891,358054
0.4,413891,357954
0.4,413891,357854
0.4,413891,357754
0.4,413891,357654
0.4,413891,357554
0.4,413891,357454
0.4,413891,357354
0.4,413891,357254
0.4,413891,357154
0.02,413891,357054
0.02,413891,356954
0.02,413891,356854
0.02,413891,356754
0.02,413891,356654
0.5,413891,356554
0.5,413891,356454
0.5,413891,356354
0.5,413891,356254
0.5,413891,356154
0.5,413991,361254
0.5,413991,361154
0.5,413991,361054
0.5,413991,360954
0.5,413991,360854
0.5,413991,360754
0.4,413991,360654
0.4,413991,360554
0.4,413991,360454
0.4,413991,360354
0.4,413991,360254
0.4,413991,360154
0.4,413991,360054
0.4,413991,359954
0.4,413991,359854
0.4,413991,359754
0.4,413991,359654
0.4,413991,359554
0.4,413991,359454
0.4,413991,359354
0.4,413991,359254
0.4,413991,359154
0.4,413991,359054
0.4,413991,358954
0.4,413991,358854
0.4,413991,358754
0.4,413991,358654
0.4,413991,358554
0.4,413991,358454
0.4,413991,358354
0.4,413991,358254
0.4,413991,358154
0.4,413991,358054
0.4,413991,357954
0.4,413991,357854
0.4,413991,357754
0.4,413991,357654
0.4,413991,357554
0.4,413991,357454
0.4,413991,357354
0.4,413991,357254
0.4,413991,357154
0.02,413991,357054
0.02,413991,356954
0.02,413991,356854
0.02,413991,356754
0.02,413991,356654
0.5,413991,356554
0.5,413991,356454
0.5,413991,356354
0.5,413991,356254
0.5,413991,356154
0.5,414091,361254
0.5,414091,361154
0.5,414091,361054
0.5,414091,360954
0.5,414091,360854
0.5,414091,360754
0.4,414091,360654
0.4,414091,360554
0.4,414091,360454
0.4,414091,360354
0.4,414091,360254
0.4,414091,360154
0.4,414091,360054
0.4,414091,359954
0.4,414091,359854
0.4,414091,359754
0.4,414091,359654
0.4,414091,359554
0.4,414091,359454
0.4,414091,359354
0.4,414091,359254
0.4,414091,359154
0.4,414091,359054
0.4,414091,358954
0.4,414091,358854
0.4,414091,358754
0.4,414091,358654
0.4,414091,358554
0.4,414091,358454
0.4,414091,358354
0.4,414091,358254
0.4,414091,358154
0.4,414091,358054
0.4,414091,357954
0.4,414091,357854
0.4,414091,357754
0.4,414091,357654
0.4,414091,357554
0.4,414091,357454
0.4,414091,357354
0.4,414091,357254
0.4,414091,357154
0.02,414091,357054
0.02,414091,356954
0.02,414091,356854
0.02,414091,356754
0.02,414091,356654
0.5,414091,356554
0.5,414091,356454
0.5,414091,356354
0.5,414091,356254
0.5,414091,356154
0.5,414191,361254
0.5,414191,361154
0.5,414191,361054
0.5,414191,360954
0.5,414191,360854
0.5,414191,360754
0.5,414191,360654
0.5,414191,360554
0.5,414191,360454
0.5,414191,360354
0.5,414191,360254
0.5,414191,360154
0.5,414191,360054
0.5,414191,359954
0.5,414191,359854
0.5,414191,359754
0.5,414191,359654
0.5,414191,359554
0.5,414191,359454
0.5,414191,359354
0.5,414191,359254
0.5,414191,359154
0.5,414191,359054
0.5,414191,358954
0.5,414191,358854
0.5,414191,358754
0.5,414191,358654
0.5,414191,358554
0.5,414191,358454
0.5,414191,358354
0.5,414191,358254
0.5,414191,358154
0.5,414191,358054
0.5,414191,357954
0.5,414191,357854
0.5,414191,357754
0.5,414191,357654
0.5,414191,357554
0.5,414191,357454
0.5,414191,357354
0.5,414191,357254
0.5,414191,357154
0.5,414191,357054
0.5,414191,356954
0.5,414191,356854
0.5,414191,356754
0.5,414191,356654
0.5,414191,356554
0.5,414191,356454
0.5,414191,356354
0.5,414191,356254
0.5,414191,356154
0.5,414291,361254
0.5,414291,361154
0.5,414291,361054
0.5,414291,360954
0.5,414291,360854
0.5,414291,360754
0.5,414291,360654
0.5,414291,360554
0.5,414291,360454
0.5,414291,360354
0.5,414291,360254
0.5,414291,360154
0.5,414291,360054
0.5,414291,359954
0.5,414291,359854
0.5,414291,359754
0.5,414291,359654
0.5,414291,359554
0.5,414291,359454
0.5,414291,359354
0.5,414291,359254
0.5,414291,359154
0.5,414291,359054
0.5,414291,358954
0.5,414291,358854
0.5,414291,358754
0.5,414291,358654
0.5,414291,358554
0.5,414291,358454
0.5,414291,358354
0.5,414291,358254
0.5,414291,358154
0.5,414291,358054
0.5,414291,357954
0.5,414291,357854
0.5,414291,357754
0.5,414291,357654
0.5,414291,357554
0.5,414291,357454
0.5,414291,357354
0.5,414291,357254
0.5,414291,357154
0.5,414291,357054
0.5,414291,356954
0.5,414291,356854
0.5,414291,356754
0.5,414291,356654
0.5,414291,356554
0.5,414291,356454
0.5,414291,356354
0.5,414291,356254
0.5,414291,356154
0.5,414391,361254
0.5,414391,361154
0.5,414391,361054
0.5,414391,360954
0.5,414391,360854
0.5,414391,360754
0.5,414391,360654
0.5,414391,360554
0.5,414391,360454
0.5,414391,360354
0.5,414391,360254
0.5,414391,360154
0.5,414391,360054
0.5,414391,359954
0.5,414391,359854
0.5,414391,359754
0.5,414391,359654
0.5,414391,359554
0.5,414391,359454
0.5,414391,359354
0.5,414391,359254
0.5,414391,359154
0.5,414391,359054
0.5,414391,358954
0.5,414391,358854
0.5,414391,358754
0.5,414391,358654
0.5,414391,358554
0.5,414391,358454
0.5,414391,358354
0.5,414391,358254
0.5,414391,358154
0.5,414391,358054
0.5,414391,357954
0.5,414391,357854
0.5,414391,357754
0.5,414391,357654
0.5,414391,357554
0.5,414391,357454
0.5,414391,357354
0.5,414391,357254
0.5,414391,357154
0.5,414391,357054
0.5,414391,356954
0.5,414391,356854
0.5,414391,356754
0.5,414391,356654
0.5,414391,356554
0.5,414391,356454
0.5,414391,356354
0.5,414391,356254
0.5,414391,356154
0.5,414491,361254
0.5,414491,361154
0.5,414491,361054
0.5,414491,360954
0.5,414491,360854
0.5,414491,360754
0.5,414491,360654
0.5,414491,360554
0.5,414491,360454
0.5,414491,360354
0.5,414491,360254
0.5,414491,360154
0.5,414491,360054
0.5,414491,359954
0.5,414491,359854
0.5,414491,359754
0.5,414491,359654
0.5,414491,359554
0.5,414491,359454
0.5,414491,359354
0.5,414491,359254
0.5,414491,359154
0.5,414491,359054
0.5,414491,358954
0.5,414491,358854
0.5,414491,358754
0.5,414491,358654
0.5,414491,358554
0.5,414491,358454
0.5,414491,358354
0.5,414491,358254
0.5,414491,358154
0.5,414491,358054
0.5,414491,357954
0.5,414491,357854
0.5,414491,357754
0.5,414491,357654
0.5,414491,357554
0.5,414491,357454
0.5,414491,357354
0.5,414491,357254
0.5,414491,357154
0.5,414491,357054
0.5,414491,356954
0.5,414491,356854
0.5,414491,356754
0.5,414491,356654
0.5,414491,356554
0.5,414491,356454
0.5,414491,356354
0.5,414491,356254
0.5,414491,356154
0.5,414591,361254
0.5,414591,361154
0.5,414591,361054
0.5,414591,360954
0.5,414591,360854
0.5,414591,360754
0.5,414591,360654
0.5,414591,360554
0.5,414591,360454
0.5,414591,360354
0.5,414591,360254
0.5,414591,360154
0.5,414591,360054
0.5,414591,359954
0.5,414591,359854
0.5,414591,359754
0.5,414591,359654
0.5,414591,359554
0.5,414591,359454
0.5,414591,359354
0.5,414591,359254
0.5,414591,359154
0.5,414591,359054
0.5,414591,358954
0.5,414591,358854
0.5,414591,358754
0.5,414591,358654
0.5,414591,358554
0.5,414591,358454
0.5,414591,358354
0.5,414591,358254
0.5,414591,358154
0.5,414591,358054
0.5,414591,357954
0.5,414591,357854
0.5,414591,357754
0.5,414591,357654
0.5,414591,357554
0.5,414591,357454
0.5,414591,357354
0.5,414591,357254
0.5,414591,357154
0.5,414591,357054
0.5,414591,356954
0.5,414591,356854
0.5,414591,356754
0.5,414591,356654
0.5,414591,356554
0.5,414591,356454
0.5,414591,356354
0.5,414591,356254
0.5,414591,356154
0.5,414691,361254
0.5,414691,361154
0.5,414691,361054
0.5,414691,360954
0.5,414691,360854
0.5,414691,360754
0.5,414691,360654
0.5,414691,360554
0.5,414691,360454
0.5,414691,360354
0.5,414691,360254
0.5,414691,360154
0.5,414691,360054
0.5,414691,359954
0.5,414691,359854
0.5,414691,359754
0.5,414691,359654
0.5,414691,359554
0.5,414691,359454
0.5,414691,359354
0.5,414691,359254
0.5,414691,359154
0.5,414691,359054
0.5,414691,358954
0.5,414691,358854
0.5,414691,358754
0.5,414691,358654
0.5,414691,358554
0.5,414691,358454
0.5,414691,358354
0.5,414691,358254
0.5,414691,358154
0.5,414691,358054
0.5,414691,357954
0.5,414691,357854
0.5,414691,357754
0.5,414691,357654
0.5,414691,357554
0.5,414691,357454
0.5,414691,357354
0.5,414691,357254
0.5,414691,357154
0.5,414691,357054
0.5,414691,356954
0.5,414691,356854
0.5,414691,356754
0.5,414691,356654
0.5,414691,356554
0.5,414691,356454
0.5,414691,356354
0.5,414691,356254
0.5,414691,356154
0.5,414791,361254
0.5,414791,361154
0.5,414791,361054
0.5,414791,360954
0.5,414791,360854
0.5,414791,360754
0.5,414791,360654
0.5,414791,360554
0.5,414791,360454
0.5,414791,360354
0.5,414791,360254
0.5,414791,360154
0.5,414791,360054
0.5,414791,359954
0.5,414791,359854
0.5,414791,359754
0.5,414791,359654
0.5,414791,359554
0.5,414791,359454
0.5,414791,359354
0.5,414791,359254
0.5,414791,359154
0.5,414791,359054
0.5,414791,358954
0.5,414791,358854
0.5,414791,358754
0.5,414791,358654
0.5,414791,358554
0.5,414791,358454
0.5,414791,358354
0.5,414791,358254
0.5,414791,358154
0.5,414791,358054
0.5,414791,357954
0.5,414791,357854
0.5,414791,357754
0.5,414791,357654
0.5,414791,357554
0.5,414791,357454
0.5,414791,357354
0.5,414791,357254
0.5,414791,357154
0.5,414791,357054
0.5,414791,356954
0.5,414791,356854
0.5,414791,356754
0.5,414791,356654
0.5,414791,356554
0.5,414791,356454
0.5,414791,356354
0.5,414791,356254
0.5,414791,356154
0.5,414891,361254
0.5,414891,361154
0.5,414891,361054
0.5,414891,360954
0.5,414891,360854
0.5,414891,360754
0.5,414891,360654
0.5,414891,360554
0.5,414891,360454
0.5,414891,360354
0.5,414891,360254
0.5,414891,360154
0.5,414891,360054
0.5,414891,359954
0.5,414891,359854
0.5,414891,359754
0.5,414891,359654
0.5,414891,359554
0.5,414891,359454
0.5,414891,359354
0.5,414891,359254
0.5,414891,359154
0.5,414891,359054
0.5,414891,358954
0.5,414891,358854
0.5,414891,358754
0.5,414891,358654
0.5,414891,358554
0.5,414891,358454
0.5,414891,358354
0.5,414891,358254
0.5,414891,358154
0.5,414891,358054
0.5,414891,357954
0.5,414891,357854
0.5,414891,357754
0.5,414891,357654
0.5,414891,357554
0.5,414891,357454
0.5,414891,357354
0.5,414891,357254
0.5,414891,357154
0.5,414891,357054
0.5,414891,356954
0.5,414891,356854
0.5,414891,356754
0.5,414891,356654
0.5,414891,356554
0.5,414891,356454
0.5,414891,356354
0.5,414891,356254
0.5,414891,356154
